timestamp,promotion_id,title,slug,keys_available,status
2025-11-17T11:10:20+00:00,958e48f5-811f-450e-a7ec-b42f9715a125,Pipistrello and the Cursed Yoyo Giveaway,pipistrello-and-the-cursed-yoyo-giveaway,0,active
2025-11-17T11:10:20+00:00,e8f93741-4eaa-4be9-abee-da69dc105815,Call of Duty®: Black Ops 7 Giveaway - Double Level XP,cod-black-ops-7,9514,active
2025-11-17T12:43:48+00:00,958e48f5-811f-450e-a7ec-b42f9715a125,Pipistrello and the Cursed Yoyo Giveaway,pipistrello-and-the-cursed-yoyo-giveaway,0,active
2025-11-17T12:43:48+00:00,e8f93741-4eaa-4be9-abee-da69dc105815,Call of Duty®: Black Ops 7 Giveaway - Double Level XP,cod-black-ops-7,9512,active
2025-11-17T13:02:30+00:00,958e48f5-811f-450e-a7ec-b42f9715a125,Pipistrello and the Cursed Yoyo Giveaway,pipistrello-and-the-cursed-yoyo-giveaway,0,active
2025-11-17T13:02:30+00:00,e8f93741-4eaa-4be9-abee-da69dc105815,Call of Duty®: Black Ops 7 Giveaway - Double Level XP,cod-black-ops-7,9508,active
2025-11-17T13:24:14+00:00,958e48f5-811f-450e-a7ec-b42f9715a125,Pipistrello and the Cursed Yoyo Giveaway,pipistrello-and-the-cursed-yoyo-giveaway,0,active
2025-11-17T13:24:14+00:00,e8f93741-4eaa-4be9-abee-da69dc105815,Call of Duty®: Black Ops 7 Giveaway - Double Level XP,cod-black-ops-7,9505,active
2025-11-17T13:40:01+00:00,958e48f5-811f-450e-a7ec-b42f9715a125,Pipistrello and the Cursed Yoyo Giveaway,pipistrello-and-the-cursed-yoyo-giveaway,0,active
2025-11-17T13:40:01+00:00,e8f93741-4eaa-4be9-abee-da69dc105815,Call of Duty®: Black Ops 7 Giveaway - Double Level XP,cod-black-ops-7,9504,active
2025-11-17T14:01:28+00:00,958e48f5-811f-450e-a7ec-b42f9715a125,Pipistrello and the Cursed Yoyo Giveaway,pipistrello-and-the-cursed-yoyo-giveaway,0,active
2025-11-17T14:01:28+00:00,e8f93741-4eaa-4be9-abee-da69dc105815,Call of Duty®: Black Ops 7 Giveaway - Double Level XP,cod-black-ops-7,9502,active
2025-11-17T14:21:27+00:00,958e48f5-811f-450e-a7ec-b42f9715a125,Pipistrello and the Cursed Yoyo Giveaway,pipistrello-and-the-cursed-yoyo-giveaway,0,active
2025-11-17T14:21:27+00:00,e8f93741-4eaa-4be9-abee-da69dc105815,Call of Duty®: Black Ops 7 Giveaway - Double Level XP,cod-black-ops-7,9500,active
2025-11-17T14:36:29+00:00,958e48f5-811f-450e-a7ec-b42f9715a125,Pipistrello and the Cursed Yoyo Giveaway,pipistrello-and-the-cursed-yoyo-giveaway,0,active
2025-11-17T14:36:29+00:00,e8f93741-4eaa-4be9-abee-da69dc105815,Call of Duty®: Black Ops 7 Giveaway - Double Level XP,cod-black-ops-7,9499,active
2025-11-17T15:35:56+00:00,958e48f5-811f-450e-a7ec-b42f9715a125,Pipistrello and the Cursed Yoyo Giveaway,pipistrello-and-the-cursed-yoyo-giveaway,0,active
2025-11-17T15:35:56+00:00,e8f93741-4eaa-4be9-abee-da69dc105815,Call of Duty®: Black Ops 7 Giveaway - Double Level XP,cod-black-ops-7,9497,active
2025-11-17T16:01:33+00:00,958e48f5-811f-450e-a7ec-b42f9715a125,Pipistrello and the Cursed Yoyo Giveaway,pipistrello-and-the-cursed-yoyo-giveaway,0,active
2025-11-17T16:01:33+00:00,e8f93741-4eaa-4be9-abee-da69dc105815,Call of Duty®: Black Ops 7 Giveaway - Double Level XP,cod-black-ops-7,9495,active
2025-11-17T16:22:11+00:00,958e48f5-811f-450e-a7ec-b42f9715a125,Pipistrello and the Cursed Yoyo Giveaway,pipistrello-and-the-cursed-yoyo-giveaway,0,active
2025-11-17T16:22:11+00:00,e8f93741-4eaa-4be9-abee-da69dc105815,Call of Duty®: Black Ops 7 Giveaway - Double Level XP,cod-black-ops-7,9494,active
2025-11-17T17:21:00+00:00,958e48f5-811f-450e-a7ec-b42f9715a125,Pipistrello and the Cursed Yoyo Giveaway,pipistrello-and-the-cursed-yoyo-giveaway,0,active
2025-11-17T17:21:00+00:00,e8f93741-4eaa-4be9-abee-da69dc105815,Call of Duty®: Black Ops 7 Giveaway - Double Level XP,cod-black-ops-7,9492,active
2025-11-17T17:34:54+00:00,958e48f5-811f-450e-a7ec-b42f9715a125,Pipistrello and the Cursed Yoyo Giveaway,pipistrello-and-the-cursed-yoyo-giveaway,0,active
2025-11-17T17:34:54+00:00,e8f93741-4eaa-4be9-abee-da69dc105815,Call of Duty®: Black Ops 7 Giveaway - Double Level XP,cod-black-ops-7,9491,active
2025-11-17T17:47:28+00:00,958e48f5-811f-450e-a7ec-b42f9715a125,Pipistrello and the Cursed Yoyo Giveaway,pipistrello-and-the-cursed-yoyo-giveaway,0,active
2025-11-17T17:47:28+00:00,e8f93741-4eaa-4be9-abee-da69dc105815,Call of Duty®: Black Ops 7 Giveaway - Double Level XP,cod-black-ops-7,9488,active
2025-11-17T18:01:27+00:00,958e48f5-811f-450e-a7ec-b42f9715a125,Pipistrello and the Cursed Yoyo Giveaway,pipistrello-and-the-cursed-yoyo-giveaway,0,active
2025-11-17T18:01:27+00:00,e8f93741-4eaa-4be9-abee-da69dc105815,Call of Duty®: Black Ops 7 Giveaway - Double Level XP,cod-black-ops-7,9485,active
2025-11-17T18:22:14+00:00,958e48f5-811f-450e-a7ec-b42f9715a125,Pipistrello and the Cursed Yoyo Giveaway,pipistrello-and-the-cursed-yoyo-giveaway,0,active
2025-11-17T18:22:14+00:00,e8f93741-4eaa-4be9-abee-da69dc105815,Call of Duty®: Black Ops 7 Giveaway - Double Level XP,cod-black-ops-7,9482,active
2025-11-17T18:40:14+00:00,958e48f5-811f-450e-a7ec-b42f9715a125,Pipistrello and the Cursed Yoyo Giveaway,pipistrello-and-the-cursed-yoyo-giveaway,0,active
2025-11-17T18:40:14+00:00,e8f93741-4eaa-4be9-abee-da69dc105815,Call of Duty®: Black Ops 7 Giveaway - Double Level XP,cod-black-ops-7,9481,active
2025-11-17T18:50:23+00:00,958e48f5-811f-450e-a7ec-b42f9715a125,Pipistrello and the Cursed Yoyo Giveaway,pipistrello-and-the-cursed-yoyo-giveaway,0,active
2025-11-17T18:50:23+00:00,e8f93741-4eaa-4be9-abee-da69dc105815,Call of Duty®: Black Ops 7 Giveaway - Double Level XP,cod-black-ops-7,9480,active
2025-11-17T19:20:21+00:00,958e48f5-811f-450e-a7ec-b42f9715a125,Pipistrello and the Cursed Yoyo Giveaway,pipistrello-and-the-cursed-yoyo-giveaway,0,active
2025-11-17T19:20:21+00:00,e8f93741-4eaa-4be9-abee-da69dc105815,Call of Duty®: Black Ops 7 Giveaway - Double Level XP,cod-black-ops-7,9471,active
2025-11-17T19:46:14+00:00,958e48f5-811f-450e-a7ec-b42f9715a125,Pipistrello and the Cursed Yoyo Giveaway,pipistrello-and-the-cursed-yoyo-giveaway,0,active
2025-11-17T19:46:14+00:00,e8f93741-4eaa-4be9-abee-da69dc105815,Call of Duty®: Black Ops 7 Giveaway - Double Level XP,cod-black-ops-7,9467,active
2025-11-17T20:05:32.043228+00:00,958e48f5-811f-450e-a7ec-b42f9715a125,Pipistrello and the Cursed Yoyo Giveaway,pipistrello-and-the-cursed-yoyo-giveaway,0,active
2025-11-17T20:05:32.043228+00:00,e8f93741-4eaa-4be9-abee-da69dc105815,Call of Duty®: Black Ops 7 Giveaway - Double Level XP,cod-black-ops-7,9464,active
2025-11-17T20:21:37.891622+00:00,958e48f5-811f-450e-a7ec-b42f9715a125,Pipistrello and the Cursed Yoyo Giveaway,pipistrello-and-the-cursed-yoyo-giveaway,0,active
2025-11-17T20:21:37.891622+00:00,e8f93741-4eaa-4be9-abee-da69dc105815,Call of Duty®: Black Ops 7 Giveaway - Double Level XP,cod-black-ops-7,9463,active
2025-11-17T20:34:20.027603+00:00,958e48f5-811f-450e-a7ec-b42f9715a125,Pipistrello and the Cursed Yoyo Giveaway,pipistrello-and-the-cursed-yoyo-giveaway,0,active
2025-11-17T20:34:20.027603+00:00,e8f93741-4eaa-4be9-abee-da69dc105815,Call of Duty®: Black Ops 7 Giveaway - Double Level XP,cod-black-ops-7,9463,active
2025-11-17T20:46:09.352083+00:00,958e48f5-811f-450e-a7ec-b42f9715a125,Pipistrello and the Cursed Yoyo Giveaway,pipistrello-and-the-cursed-yoyo-giveaway,0,active
2025-11-17T20:46:09.352083+00:00,e8f93741-4eaa-4be9-abee-da69dc105815,Call of Duty®: Black Ops 7 Giveaway - Double Level XP,cod-black-ops-7,9463,active
2025-11-17T21:01:24.400750+00:00,958e48f5-811f-450e-a7ec-b42f9715a125,Pipistrello and the Cursed Yoyo Giveaway,pipistrello-and-the-cursed-yoyo-giveaway,0,active
2025-11-17T21:01:24.400750+00:00,e8f93741-4eaa-4be9-abee-da69dc105815,Call of Duty®: Black Ops 7 Giveaway - Double Level XP,cod-black-ops-7,9463,active
2025-11-17T21:20:34.030142+00:00,958e48f5-811f-450e-a7ec-b42f9715a125,Pipistrello and the Cursed Yoyo Giveaway,pipistrello-and-the-cursed-yoyo-giveaway,0,active
2025-11-17T21:20:34.030142+00:00,e8f93741-4eaa-4be9-abee-da69dc105815,Call of Duty®: Black Ops 7 Giveaway - Double Level XP,cod-black-ops-7,9463,active
2025-11-17T21:33:04.843973+00:00,958e48f5-811f-450e-a7ec-b42f9715a125,Pipistrello and the Cursed Yoyo Giveaway,pipistrello-and-the-cursed-yoyo-giveaway,0,active
2025-11-17T21:33:04.843973+00:00,e8f93741-4eaa-4be9-abee-da69dc105815,Call of Duty®: Black Ops 7 Giveaway - Double Level XP,cod-black-ops-7,9463,active
2025-11-17T21:46:08.948843+00:00,958e48f5-811f-450e-a7ec-b42f9715a125,Pipistrello and the Cursed Yoyo Giveaway,pipistrello-and-the-cursed-yoyo-giveaway,0,active
2025-11-17T21:46:08.948843+00:00,e8f93741-4eaa-4be9-abee-da69dc105815,Call of Duty®: Black Ops 7 Giveaway - Double Level XP,cod-black-ops-7,9463,active
2025-11-17T22:01:09.851325+00:00,958e48f5-811f-450e-a7ec-b42f9715a125,Pipistrello and the Cursed Yoyo Giveaway,pipistrello-and-the-cursed-yoyo-giveaway,0,active
2025-11-17T22:01:09.851325+00:00,e8f93741-4eaa-4be9-abee-da69dc105815,Call of Duty®: Black Ops 7 Giveaway - Double Level XP,cod-black-ops-7,9463,active
2025-11-17T22:20:46.276614+00:00,958e48f5-811f-450e-a7ec-b42f9715a125,Pipistrello and the Cursed Yoyo Giveaway,pipistrello-and-the-cursed-yoyo-giveaway,0,active
2025-11-17T22:20:46.276614+00:00,e8f93741-4eaa-4be9-abee-da69dc105815,Call of Duty®: Black Ops 7 Giveaway - Double Level XP,cod-black-ops-7,9463,active
2025-11-17T22:35:05.260717+00:00,958e48f5-811f-450e-a7ec-b42f9715a125,Pipistrello and the Cursed Yoyo Giveaway,pipistrello-and-the-cursed-yoyo-giveaway,0,active
2025-11-17T22:35:05.260717+00:00,e8f93741-4eaa-4be9-abee-da69dc105815,Call of Duty®: Black Ops 7 Giveaway - Double Level XP,cod-black-ops-7,9461,active
2025-11-17T22:46:50.482002+00:00,958e48f5-811f-450e-a7ec-b42f9715a125,Pipistrello and the Cursed Yoyo Giveaway,pipistrello-and-the-cursed-yoyo-giveaway,0,active
2025-11-17T22:46:50.482002+00:00,e8f93741-4eaa-4be9-abee-da69dc105815,Call of Duty®: Black Ops 7 Giveaway - Double Level XP,cod-black-ops-7,9461,active
2025-11-17T23:01:14.930537+00:00,958e48f5-811f-450e-a7ec-b42f9715a125,Pipistrello and the Cursed Yoyo Giveaway,pipistrello-and-the-cursed-yoyo-giveaway,0,active
2025-11-17T23:01:14.930537+00:00,e8f93741-4eaa-4be9-abee-da69dc105815,Call of Duty®: Black Ops 7 Giveaway - Double Level XP,cod-black-ops-7,9461,active
2025-11-17T23:20:40.800252+00:00,958e48f5-811f-450e-a7ec-b42f9715a125,Pipistrello and the Cursed Yoyo Giveaway,pipistrello-and-the-cursed-yoyo-giveaway,0,active
2025-11-17T23:20:40.800252+00:00,e8f93741-4eaa-4be9-abee-da69dc105815,Call of Duty®: Black Ops 7 Giveaway - Double Level XP,cod-black-ops-7,9461,active
2025-11-17T23:32:36.884930+00:00,958e48f5-811f-450e-a7ec-b42f9715a125,Pipistrello and the Cursed Yoyo Giveaway,pipistrello-and-the-cursed-yoyo-giveaway,0,active
2025-11-17T23:32:36.884930+00:00,e8f93741-4eaa-4be9-abee-da69dc105815,Call of Duty®: Black Ops 7 Giveaway - Double Level XP,cod-black-ops-7,9461,active
2025-11-17T23:45:24.505004+00:00,958e48f5-811f-450e-a7ec-b42f9715a125,Pipistrello and the Cursed Yoyo Giveaway,pipistrello-and-the-cursed-yoyo-giveaway,0,active
2025-11-17T23:45:24.505004+00:00,e8f93741-4eaa-4be9-abee-da69dc105815,Call of Duty®: Black Ops 7 Giveaway - Double Level XP,cod-black-ops-7,9461,active
2025-11-18T00:01:28.766051+00:00,958e48f5-811f-450e-a7ec-b42f9715a125,Pipistrello and the Cursed Yoyo Giveaway,pipistrello-and-the-cursed-yoyo-giveaway,0,active
2025-11-18T00:01:28.766051+00:00,e8f93741-4eaa-4be9-abee-da69dc105815,Call of Duty®: Black Ops 7 Giveaway - Double Level XP,cod-black-ops-7,9460,active
2025-11-18T00:38:07.603959+00:00,958e48f5-811f-450e-a7ec-b42f9715a125,Pipistrello and the Cursed Yoyo Giveaway,pipistrello-and-the-cursed-yoyo-giveaway,0,active
2025-11-18T00:38:07.603959+00:00,e8f93741-4eaa-4be9-abee-da69dc105815,Call of Duty®: Black Ops 7 Giveaway - Double Level XP,cod-black-ops-7,9460,active
2025-11-18T01:07:33.042702+00:00,958e48f5-811f-450e-a7ec-b42f9715a125,Pipistrello and the Cursed Yoyo Giveaway,pipistrello-and-the-cursed-yoyo-giveaway,0,active
2025-11-18T01:07:33.042702+00:00,e8f93741-4eaa-4be9-abee-da69dc105815,Call of Duty®: Black Ops 7 Giveaway - Double Level XP,cod-black-ops-7,9459,active
2025-11-18T01:50:46.059058+00:00,958e48f5-811f-450e-a7ec-b42f9715a125,Pipistrello and the Cursed Yoyo Giveaway,pipistrello-and-the-cursed-yoyo-giveaway,0,active
2025-11-18T01:50:46.059058+00:00,e8f93741-4eaa-4be9-abee-da69dc105815,Call of Duty®: Black Ops 7 Giveaway - Double Level XP,cod-black-ops-7,9456,active
2025-11-18T02:29:36.263941+00:00,958e48f5-811f-450e-a7ec-b42f9715a125,Pipistrello and the Cursed Yoyo Giveaway,pipistrello-and-the-cursed-yoyo-giveaway,0,active
2025-11-18T02:29:36.263941+00:00,e8f93741-4eaa-4be9-abee-da69dc105815,Call of Duty®: Black Ops 7 Giveaway - Double Level XP,cod-black-ops-7,9456,active
2025-11-18T03:02:53.855575+00:00,958e48f5-811f-450e-a7ec-b42f9715a125,Pipistrello and the Cursed Yoyo Giveaway,pipistrello-and-the-cursed-yoyo-giveaway,0,active
2025-11-18T03:02:53.855575+00:00,e8f93741-4eaa-4be9-abee-da69dc105815,Call of Duty®: Black Ops 7 Giveaway - Double Level XP,cod-black-ops-7,9456,active
2025-11-18T03:34:08.651379+00:00,958e48f5-811f-450e-a7ec-b42f9715a125,Pipistrello and the Cursed Yoyo Giveaway,pipistrello-and-the-cursed-yoyo-giveaway,0,active
2025-11-18T03:34:08.651379+00:00,e8f93741-4eaa-4be9-abee-da69dc105815,Call of Duty®: Black Ops 7 Giveaway - Double Level XP,cod-black-ops-7,9453,active
2025-11-18T03:53:36.061215+00:00,958e48f5-811f-450e-a7ec-b42f9715a125,Pipistrello and the Cursed Yoyo Giveaway,pipistrello-and-the-cursed-yoyo-giveaway,0,active
2025-11-18T03:53:36.061215+00:00,e8f93741-4eaa-4be9-abee-da69dc105815,Call of Duty®: Black Ops 7 Giveaway - Double Level XP,cod-black-ops-7,9450,active
2025-11-18T04:02:14.222609+00:00,958e48f5-811f-450e-a7ec-b42f9715a125,Pipistrello and the Cursed Yoyo Giveaway,pipistrello-and-the-cursed-yoyo-giveaway,0,active
2025-11-18T04:02:14.222609+00:00,e8f93741-4eaa-4be9-abee-da69dc105815,Call of Duty®: Black Ops 7 Giveaway - Double Level XP,cod-black-ops-7,9450,active
2025-11-18T04:21:42.781492+00:00,958e48f5-811f-450e-a7ec-b42f9715a125,Pipistrello and the Cursed Yoyo Giveaway,pipistrello-and-the-cursed-yoyo-giveaway,0,active
2025-11-18T04:21:42.781492+00:00,e8f93741-4eaa-4be9-abee-da69dc105815,Call of Duty®: Black Ops 7 Giveaway - Double Level XP,cod-black-ops-7,9448,active
2025-11-18T04:36:26.030559+00:00,958e48f5-811f-450e-a7ec-b42f9715a125,Pipistrello and the Cursed Yoyo Giveaway,pipistrello-and-the-cursed-yoyo-giveaway,0,active
2025-11-18T04:36:26.030559+00:00,e8f93741-4eaa-4be9-abee-da69dc105815,Call of Duty®: Black Ops 7 Giveaway - Double Level XP,cod-black-ops-7,9447,active
2025-11-18T04:47:49.057120+00:00,958e48f5-811f-450e-a7ec-b42f9715a125,Pipistrello and the Cursed Yoyo Giveaway,pipistrello-and-the-cursed-yoyo-giveaway,0,active
2025-11-18T04:47:49.057120+00:00,e8f93741-4eaa-4be9-abee-da69dc105815,Call of Duty®: Black Ops 7 Giveaway - Double Level XP,cod-black-ops-7,9446,active
2025-11-18T05:01:06.286068+00:00,958e48f5-811f-450e-a7ec-b42f9715a125,Pipistrello and the Cursed Yoyo Giveaway,pipistrello-and-the-cursed-yoyo-giveaway,0,active
2025-11-18T05:01:06.286068+00:00,e8f93741-4eaa-4be9-abee-da69dc105815,Call of Duty®: Black Ops 7 Giveaway - Double Level XP,cod-black-ops-7,9446,active
2025-11-18T05:20:54.687406+00:00,958e48f5-811f-450e-a7ec-b42f9715a125,Pipistrello and the Cursed Yoyo Giveaway,pipistrello-and-the-cursed-yoyo-giveaway,0,active
2025-11-18T05:20:54.687406+00:00,e8f93741-4eaa-4be9-abee-da69dc105815,Call of Duty®: Black Ops 7 Giveaway - Double Level XP,cod-black-ops-7,9446,active
2025-11-18T05:34:49.878984+00:00,958e48f5-811f-450e-a7ec-b42f9715a125,Pipistrello and the Cursed Yoyo Giveaway,pipistrello-and-the-cursed-yoyo-giveaway,0,active
2025-11-18T05:34:49.878984+00:00,e8f93741-4eaa-4be9-abee-da69dc105815,Call of Duty®: Black Ops 7 Giveaway - Double Level XP,cod-black-ops-7,9446,active
2025-11-18T05:46:55.554180+00:00,958e48f5-811f-450e-a7ec-b42f9715a125,Pipistrello and the Cursed Yoyo Giveaway,pipistrello-and-the-cursed-yoyo-giveaway,0,active
2025-11-18T05:46:55.554180+00:00,e8f93741-4eaa-4be9-abee-da69dc105815,Call of Duty®: Black Ops 7 Giveaway - Double Level XP,cod-black-ops-7,9446,active
2025-11-18T06:01:24.490278+00:00,958e48f5-811f-450e-a7ec-b42f9715a125,Pipistrello and the Cursed Yoyo Giveaway,pipistrello-and-the-cursed-yoyo-giveaway,0,active
2025-11-18T06:01:24.490278+00:00,e8f93741-4eaa-4be9-abee-da69dc105815,Call of Duty®: Black Ops 7 Giveaway - Double Level XP,cod-black-ops-7,9446,active
2025-11-18T06:22:15.100898+00:00,958e48f5-811f-450e-a7ec-b42f9715a125,Pipistrello and the Cursed Yoyo Giveaway,pipistrello-and-the-cursed-yoyo-giveaway,0,active
2025-11-18T06:22:15.100898+00:00,e8f93741-4eaa-4be9-abee-da69dc105815,Call of Duty®: Black Ops 7 Giveaway - Double Level XP,cod-black-ops-7,9446,active
2025-11-18T06:40:44.316641+00:00,958e48f5-811f-450e-a7ec-b42f9715a125,Pipistrello and the Cursed Yoyo Giveaway,pipistrello-and-the-cursed-yoyo-giveaway,0,active
2025-11-18T06:40:44.316641+00:00,e8f93741-4eaa-4be9-abee-da69dc105815,Call of Duty®: Black Ops 7 Giveaway - Double Level XP,cod-black-ops-7,9446,active
2025-11-18T06:51:20.707020+00:00,958e48f5-811f-450e-a7ec-b42f9715a125,Pipistrello and the Cursed Yoyo Giveaway,pipistrello-and-the-cursed-yoyo-giveaway,0,active
2025-11-18T06:51:20.707020+00:00,e8f93741-4eaa-4be9-abee-da69dc105815,Call of Duty®: Black Ops 7 Giveaway - Double Level XP,cod-black-ops-7,9446,active
2025-11-18T07:01:13.504052+00:00,958e48f5-811f-450e-a7ec-b42f9715a125,Pipistrello and the Cursed Yoyo Giveaway,pipistrello-and-the-cursed-yoyo-giveaway,0,active
2025-11-18T07:01:13.504052+00:00,e8f93741-4eaa-4be9-abee-da69dc105815,Call of Duty®: Black Ops 7 Giveaway - Double Level XP,cod-black-ops-7,9446,active
2025-11-18T07:20:56.046674+00:00,958e48f5-811f-450e-a7ec-b42f9715a125,Pipistrello and the Cursed Yoyo Giveaway,pipistrello-and-the-cursed-yoyo-giveaway,0,active
2025-11-18T07:20:56.046674+00:00,e8f93741-4eaa-4be9-abee-da69dc105815,Call of Duty®: Black Ops 7 Giveaway - Double Level XP,cod-black-ops-7,9446,active
2025-11-18T07:33:40.591669+00:00,958e48f5-811f-450e-a7ec-b42f9715a125,Pipistrello and the Cursed Yoyo Giveaway,pipistrello-and-the-cursed-yoyo-giveaway,0,active
2025-11-18T07:33:40.591669+00:00,e8f93741-4eaa-4be9-abee-da69dc105815,Call of Duty®: Black Ops 7 Giveaway - Double Level XP,cod-black-ops-7,9446,active
2025-11-18T07:45:48.230980+00:00,958e48f5-811f-450e-a7ec-b42f9715a125,Pipistrello and the Cursed Yoyo Giveaway,pipistrello-and-the-cursed-yoyo-giveaway,0,active
2025-11-18T07:45:48.230980+00:00,e8f93741-4eaa-4be9-abee-da69dc105815,Call of Duty®: Black Ops 7 Giveaway - Double Level XP,cod-black-ops-7,9446,active
2025-11-18T08:01:15.186862+00:00,958e48f5-811f-450e-a7ec-b42f9715a125,Pipistrello and the Cursed Yoyo Giveaway,pipistrello-and-the-cursed-yoyo-giveaway,0,active
2025-11-18T08:01:15.186862+00:00,e8f93741-4eaa-4be9-abee-da69dc105815,Call of Duty®: Black Ops 7 Giveaway - Double Level XP,cod-black-ops-7,9444,active
2025-11-18T08:22:04.001266+00:00,958e48f5-811f-450e-a7ec-b42f9715a125,Pipistrello and the Cursed Yoyo Giveaway,pipistrello-and-the-cursed-yoyo-giveaway,0,active
2025-11-18T08:22:04.001266+00:00,e8f93741-4eaa-4be9-abee-da69dc105815,Call of Duty®: Black Ops 7 Giveaway - Double Level XP,cod-black-ops-7,9444,active
2025-11-18T08:38:53.799208+00:00,958e48f5-811f-450e-a7ec-b42f9715a125,Pipistrello and the Cursed Yoyo Giveaway,pipistrello-and-the-cursed-yoyo-giveaway,0,active
2025-11-18T08:38:53.799208+00:00,e8f93741-4eaa-4be9-abee-da69dc105815,Call of Duty®: Black Ops 7 Giveaway - Double Level XP,cod-black-ops-7,9444,active
2025-11-18T08:50:30.810371+00:00,958e48f5-811f-450e-a7ec-b42f9715a125,Pipistrello and the Cursed Yoyo Giveaway,pipistrello-and-the-cursed-yoyo-giveaway,0,active
2025-11-18T08:50:30.810371+00:00,e8f93741-4eaa-4be9-abee-da69dc105815,Call of Duty®: Black Ops 7 Giveaway - Double Level XP,cod-black-ops-7,9444,active
2025-11-18T09:01:22.899181+00:00,958e48f5-811f-450e-a7ec-b42f9715a125,Pipistrello and the Cursed Yoyo Giveaway,pipistrello-and-the-cursed-yoyo-giveaway,0,active
2025-11-18T09:01:22.899181+00:00,e8f93741-4eaa-4be9-abee-da69dc105815,Call of Duty®: Black Ops 7 Giveaway - Double Level XP,cod-black-ops-7,9443,active
2025-11-18T09:21:26.647559+00:00,958e48f5-811f-450e-a7ec-b42f9715a125,Pipistrello and the Cursed Yoyo Giveaway,pipistrello-and-the-cursed-yoyo-giveaway,0,active
2025-11-18T09:21:26.647559+00:00,e8f93741-4eaa-4be9-abee-da69dc105815,Call of Duty®: Black Ops 7 Giveaway - Double Level XP,cod-black-ops-7,9443,active
2025-11-18T09:35:35.249054+00:00,958e48f5-811f-450e-a7ec-b42f9715a125,Pipistrello and the Cursed Yoyo Giveaway,pipistrello-and-the-cursed-yoyo-giveaway,0,active
2025-11-18T09:35:35.249054+00:00,e8f93741-4eaa-4be9-abee-da69dc105815,Call of Duty®: Black Ops 7 Giveaway - Double Level XP,cod-black-ops-7,9442,active
2025-11-18T09:47:31.457817+00:00,958e48f5-811f-450e-a7ec-b42f9715a125,Pipistrello and the Cursed Yoyo Giveaway,pipistrello-and-the-cursed-yoyo-giveaway,0,active
2025-11-18T09:47:31.457817+00:00,e8f93741-4eaa-4be9-abee-da69dc105815,Call of Duty®: Black Ops 7 Giveaway - Double Level XP,cod-black-ops-7,9442,active
2025-11-18T10:01:26.015464+00:00,958e48f5-811f-450e-a7ec-b42f9715a125,Pipistrello and the Cursed Yoyo Giveaway,pipistrello-and-the-cursed-yoyo-giveaway,0,active
2025-11-18T10:01:26.015464+00:00,e8f93741-4eaa-4be9-abee-da69dc105815,Call of Duty®: Black Ops 7 Giveaway - Double Level XP,cod-black-ops-7,9442,active
2025-11-18T10:21:30.535209+00:00,958e48f5-811f-450e-a7ec-b42f9715a125,Pipistrello and the Cursed Yoyo Giveaway,pipistrello-and-the-cursed-yoyo-giveaway,0,active
2025-11-18T10:21:30.535209+00:00,e8f93741-4eaa-4be9-abee-da69dc105815,Call of Duty®: Black Ops 7 Giveaway - Double Level XP,cod-black-ops-7,9442,active
2025-11-18T10:37:31.546349+00:00,958e48f5-811f-450e-a7ec-b42f9715a125,Pipistrello and the Cursed Yoyo Giveaway,pipistrello-and-the-cursed-yoyo-giveaway,0,active
2025-11-18T10:37:31.546349+00:00,e8f93741-4eaa-4be9-abee-da69dc105815,Call of Duty®: Black Ops 7 Giveaway - Double Level XP,cod-black-ops-7,9442,active
2025-11-18T10:48:55.056384+00:00,958e48f5-811f-450e-a7ec-b42f9715a125,Pipistrello and the Cursed Yoyo Giveaway,pipistrello-and-the-cursed-yoyo-giveaway,0,active
2025-11-18T10:48:55.056384+00:00,e8f93741-4eaa-4be9-abee-da69dc105815,Call of Duty®: Black Ops 7 Giveaway - Double Level XP,cod-black-ops-7,9442,active
2025-11-18T11:01:14.626565+00:00,958e48f5-811f-450e-a7ec-b42f9715a125,Pipistrello and the Cursed Yoyo Giveaway,pipistrello-and-the-cursed-yoyo-giveaway,0,active
2025-11-18T11:01:14.626565+00:00,e8f93741-4eaa-4be9-abee-da69dc105815,Call of Duty®: Black Ops 7 Giveaway - Double Level XP,cod-black-ops-7,9441,active
2025-11-18T11:20:51.333846+00:00,958e48f5-811f-450e-a7ec-b42f9715a125,Pipistrello and the Cursed Yoyo Giveaway,pipistrello-and-the-cursed-yoyo-giveaway,0,active
2025-11-18T11:20:51.333846+00:00,e8f93741-4eaa-4be9-abee-da69dc105815,Call of Duty®: Black Ops 7 Giveaway - Double Level XP,cod-black-ops-7,9441,active
2025-11-18T11:32:25.360512+00:00,958e48f5-811f-450e-a7ec-b42f9715a125,Pipistrello and the Cursed Yoyo Giveaway,pipistrello-and-the-cursed-yoyo-giveaway,0,active
2025-11-18T11:32:25.360512+00:00,e8f93741-4eaa-4be9-abee-da69dc105815,Call of Duty®: Black Ops 7 Giveaway - Double Level XP,cod-black-ops-7,9440,active
2025-11-18T11:45:30.029008+00:00,958e48f5-811f-450e-a7ec-b42f9715a125,Pipistrello and the Cursed Yoyo Giveaway,pipistrello-and-the-cursed-yoyo-giveaway,0,active
2025-11-18T11:45:30.029008+00:00,e8f93741-4eaa-4be9-abee-da69dc105815,Call of Duty®: Black Ops 7 Giveaway - Double Level XP,cod-black-ops-7,9439,active
2025-11-18T12:01:25.873421+00:00,958e48f5-811f-450e-a7ec-b42f9715a125,Pipistrello and the Cursed Yoyo Giveaway,pipistrello-and-the-cursed-yoyo-giveaway,0,active
2025-11-18T12:01:25.873421+00:00,e8f93741-4eaa-4be9-abee-da69dc105815,Call of Duty®: Black Ops 7 Giveaway - Double Level XP,cod-black-ops-7,9438,active
2025-11-18T12:23:13.453212+00:00,958e48f5-811f-450e-a7ec-b42f9715a125,Pipistrello and the Cursed Yoyo Giveaway,pipistrello-and-the-cursed-yoyo-giveaway,0,active
2025-11-18T12:23:13.453212+00:00,e8f93741-4eaa-4be9-abee-da69dc105815,Call of Duty®: Black Ops 7 Giveaway - Double Level XP,cod-black-ops-7,9438,active
2025-11-18T12:43:37.000613+00:00,958e48f5-811f-450e-a7ec-b42f9715a125,Pipistrello and the Cursed Yoyo Giveaway,pipistrello-and-the-cursed-yoyo-giveaway,0,active
2025-11-18T12:43:37.000613+00:00,e8f93741-4eaa-4be9-abee-da69dc105815,Call of Duty®: Black Ops 7 Giveaway - Double Level XP,cod-black-ops-7,9433,active
2025-11-18T13:02:26.757487+00:00,958e48f5-811f-450e-a7ec-b42f9715a125,Pipistrello and the Cursed Yoyo Giveaway,pipistrello-and-the-cursed-yoyo-giveaway,0,active
2025-11-18T13:02:26.757487+00:00,e8f93741-4eaa-4be9-abee-da69dc105815,Call of Duty®: Black Ops 7 Giveaway - Double Level XP,cod-black-ops-7,9433,active
2025-11-18T13:24:06.884853+00:00,958e48f5-811f-450e-a7ec-b42f9715a125,Pipistrello and the Cursed Yoyo Giveaway,pipistrello-and-the-cursed-yoyo-giveaway,0,active
2025-11-18T13:24:06.884853+00:00,e8f93741-4eaa-4be9-abee-da69dc105815,Call of Duty®: Black Ops 7 Giveaway - Double Level XP,cod-black-ops-7,9433,active
2025-11-18T13:39:51.516293+00:00,958e48f5-811f-450e-a7ec-b42f9715a125,Pipistrello and the Cursed Yoyo Giveaway,pipistrello-and-the-cursed-yoyo-giveaway,0,active
2025-11-18T13:39:51.516293+00:00,e8f93741-4eaa-4be9-abee-da69dc105815,Call of Duty®: Black Ops 7 Giveaway - Double Level XP,cod-black-ops-7,9433,active
2025-11-18T13:49:23.018761+00:00,958e48f5-811f-450e-a7ec-b42f9715a125,Pipistrello and the Cursed Yoyo Giveaway,pipistrello-and-the-cursed-yoyo-giveaway,0,active
2025-11-18T13:49:23.018761+00:00,e8f93741-4eaa-4be9-abee-da69dc105815,Call of Duty®: Black Ops 7 Giveaway - Double Level XP,cod-black-ops-7,9433,active
2025-11-18T14:00:59.725127+00:00,958e48f5-811f-450e-a7ec-b42f9715a125,Pipistrello and the Cursed Yoyo Giveaway,pipistrello-and-the-cursed-yoyo-giveaway,0,active
2025-11-18T14:00:59.725127+00:00,e8f93741-4eaa-4be9-abee-da69dc105815,Call of Duty®: Black Ops 7 Giveaway - Double Level XP,cod-black-ops-7,9431,active
2025-11-18T14:21:27.089348+00:00,958e48f5-811f-450e-a7ec-b42f9715a125,Pipistrello and the Cursed Yoyo Giveaway,pipistrello-and-the-cursed-yoyo-giveaway,0,active
2025-11-18T14:21:27.089348+00:00,e8f93741-4eaa-4be9-abee-da69dc105815,Call of Duty®: Black Ops 7 Giveaway - Double Level XP,cod-black-ops-7,9430,active
2025-11-18T14:36:07.069989+00:00,958e48f5-811f-450e-a7ec-b42f9715a125,Pipistrello and the Cursed Yoyo Giveaway,pipistrello-and-the-cursed-yoyo-giveaway,0,active
2025-11-18T14:36:07.069989+00:00,e8f93741-4eaa-4be9-abee-da69dc105815,Call of Duty®: Black Ops 7 Giveaway - Double Level XP,cod-black-ops-7,9426,active
2025-11-18T14:48:37.080625+00:00,958e48f5-811f-450e-a7ec-b42f9715a125,Pipistrello and the Cursed Yoyo Giveaway,pipistrello-and-the-cursed-yoyo-giveaway,0,active
2025-11-18T14:48:37.080625+00:00,e8f93741-4eaa-4be9-abee-da69dc105815,Call of Duty®: Black Ops 7 Giveaway - Double Level XP,cod-black-ops-7,9424,active
2025-11-18T15:01:18.621529+00:00,958e48f5-811f-450e-a7ec-b42f9715a125,Pipistrello and the Cursed Yoyo Giveaway,pipistrello-and-the-cursed-yoyo-giveaway,0,active
2025-11-18T15:01:18.621529+00:00,e8f93741-4eaa-4be9-abee-da69dc105815,Call of Duty®: Black Ops 7 Giveaway - Double Level XP,cod-black-ops-7,9421,active
2025-11-18T15:21:33.712570+00:00,958e48f5-811f-450e-a7ec-b42f9715a125,Pipistrello and the Cursed Yoyo Giveaway,pipistrello-and-the-cursed-yoyo-giveaway,0,active
2025-11-18T15:21:33.712570+00:00,e8f93741-4eaa-4be9-abee-da69dc105815,Call of Duty®: Black Ops 7 Giveaway - Double Level XP,cod-black-ops-7,9420,active
2025-11-18T15:36:17.830800+00:00,958e48f5-811f-450e-a7ec-b42f9715a125,Pipistrello and the Cursed Yoyo Giveaway,pipistrello-and-the-cursed-yoyo-giveaway,0,active
2025-11-18T15:36:17.830800+00:00,e8f93741-4eaa-4be9-abee-da69dc105815,Call of Duty®: Black Ops 7 Giveaway - Double Level XP,cod-black-ops-7,9420,active
2025-11-18T15:48:19.748734+00:00,958e48f5-811f-450e-a7ec-b42f9715a125,Pipistrello and the Cursed Yoyo Giveaway,pipistrello-and-the-cursed-yoyo-giveaway,0,active
2025-11-18T15:48:19.748734+00:00,e8f93741-4eaa-4be9-abee-da69dc105815,Call of Duty®: Black Ops 7 Giveaway - Double Level XP,cod-black-ops-7,9420,active
2025-11-18T16:01:22.661827+00:00,958e48f5-811f-450e-a7ec-b42f9715a125,Pipistrello and the Cursed Yoyo Giveaway,pipistrello-and-the-cursed-yoyo-giveaway,0,active
2025-11-18T16:01:22.661827+00:00,e8f93741-4eaa-4be9-abee-da69dc105815,Call of Duty®: Black Ops 7 Giveaway - Double Level XP,cod-black-ops-7,9419,active
2025-11-18T16:22:09.972590+00:00,958e48f5-811f-450e-a7ec-b42f9715a125,Pipistrello and the Cursed Yoyo Giveaway,pipistrello-and-the-cursed-yoyo-giveaway,0,active
2025-11-18T16:22:09.972590+00:00,e8f93741-4eaa-4be9-abee-da69dc105815,Call of Duty®: Black Ops 7 Giveaway - Double Level XP,cod-black-ops-7,9418,active
2025-11-18T16:40:08.783778+00:00,958e48f5-811f-450e-a7ec-b42f9715a125,Pipistrello and the Cursed Yoyo Giveaway,pipistrello-and-the-cursed-yoyo-giveaway,0,active
2025-11-18T16:40:08.783778+00:00,e8f93741-4eaa-4be9-abee-da69dc105815,Call of Duty®: Black Ops 7 Giveaway - Double Level XP,cod-black-ops-7,9415,active
2025-11-18T16:51:33.765173+00:00,958e48f5-811f-450e-a7ec-b42f9715a125,Pipistrello and the Cursed Yoyo Giveaway,pipistrello-and-the-cursed-yoyo-giveaway,0,active
2025-11-18T16:51:33.765173+00:00,e8f93741-4eaa-4be9-abee-da69dc105815,Call of Duty®: Black Ops 7 Giveaway - Double Level XP,cod-black-ops-7,9412,active
2025-11-18T17:02:28.723207+00:00,958e48f5-811f-450e-a7ec-b42f9715a125,Pipistrello and the Cursed Yoyo Giveaway,pipistrello-and-the-cursed-yoyo-giveaway,0,active
2025-11-18T17:02:28.723207+00:00,e8f93741-4eaa-4be9-abee-da69dc105815,Call of Duty®: Black Ops 7 Giveaway - Double Level XP,cod-black-ops-7,9411,active
2025-11-18T17:20:49.665510+00:00,958e48f5-811f-450e-a7ec-b42f9715a125,Pipistrello and the Cursed Yoyo Giveaway,pipistrello-and-the-cursed-yoyo-giveaway,0,active
2025-11-18T17:20:49.665510+00:00,e8f93741-4eaa-4be9-abee-da69dc105815,Call of Duty®: Black Ops 7 Giveaway - Double Level XP,cod-black-ops-7,9406,active
2025-11-18T17:34:43.786608+00:00,958e48f5-811f-450e-a7ec-b42f9715a125,Pipistrello and the Cursed Yoyo Giveaway,pipistrello-and-the-cursed-yoyo-giveaway,0,active
2025-11-18T17:34:43.786608+00:00,e8f93741-4eaa-4be9-abee-da69dc105815,Call of Duty®: Black Ops 7 Giveaway - Double Level XP,cod-black-ops-7,9403,active
2025-11-18T17:47:04.624887+00:00,958e48f5-811f-450e-a7ec-b42f9715a125,Pipistrello and the Cursed Yoyo Giveaway,pipistrello-and-the-cursed-yoyo-giveaway,0,active
2025-11-18T17:47:04.624887+00:00,e8f93741-4eaa-4be9-abee-da69dc105815,Call of Duty®: Black Ops 7 Giveaway - Double Level XP,cod-black-ops-7,9399,active
2025-11-18T18:01:26.215065+00:00,958e48f5-811f-450e-a7ec-b42f9715a125,Pipistrello and the Cursed Yoyo Giveaway,pipistrello-and-the-cursed-yoyo-giveaway,0,active
2025-11-18T18:01:26.215065+00:00,e8f93741-4eaa-4be9-abee-da69dc105815,Call of Duty®: Black Ops 7 Giveaway - Double Level XP,cod-black-ops-7,9398,active
2025-11-18T18:22:23.466036+00:00,958e48f5-811f-450e-a7ec-b42f9715a125,Pipistrello and the Cursed Yoyo Giveaway,pipistrello-and-the-cursed-yoyo-giveaway,0,active
2025-11-18T18:22:23.466036+00:00,e8f93741-4eaa-4be9-abee-da69dc105815,Call of Duty®: Black Ops 7 Giveaway - Double Level XP,cod-black-ops-7,9395,active
2025-11-18T18:41:01.020025+00:00,958e48f5-811f-450e-a7ec-b42f9715a125,Pipistrello and the Cursed Yoyo Giveaway,pipistrello-and-the-cursed-yoyo-giveaway,0,active
2025-11-18T18:41:01.020025+00:00,e8f93741-4eaa-4be9-abee-da69dc105815,Call of Duty®: Black Ops 7 Giveaway - Double Level XP,cod-black-ops-7,9395,active
2025-11-18T18:51:56.966687+00:00,958e48f5-811f-450e-a7ec-b42f9715a125,Pipistrello and the Cursed Yoyo Giveaway,pipistrello-and-the-cursed-yoyo-giveaway,0,active
2025-11-18T18:51:56.966687+00:00,e8f93741-4eaa-4be9-abee-da69dc105815,Call of Duty®: Black Ops 7 Giveaway - Double Level XP,cod-black-ops-7,9395,active
2025-11-18T19:00:59.929835+00:00,958e48f5-811f-450e-a7ec-b42f9715a125,Pipistrello and the Cursed Yoyo Giveaway,pipistrello-and-the-cursed-yoyo-giveaway,0,active
2025-11-18T19:00:59.929835+00:00,e8f93741-4eaa-4be9-abee-da69dc105815,Call of Duty®: Black Ops 7 Giveaway - Double Level XP,cod-black-ops-7,9395,active
2025-11-18T19:20:25.602099+00:00,958e48f5-811f-450e-a7ec-b42f9715a125,Pipistrello and the Cursed Yoyo Giveaway,pipistrello-and-the-cursed-yoyo-giveaway,0,active
2025-11-18T19:20:25.602099+00:00,e8f93741-4eaa-4be9-abee-da69dc105815,Call of Duty®: Black Ops 7 Giveaway - Double Level XP,cod-black-ops-7,9394,active
2025-11-18T19:31:05.074890+00:00,958e48f5-811f-450e-a7ec-b42f9715a125,Pipistrello and the Cursed Yoyo Giveaway,pipistrello-and-the-cursed-yoyo-giveaway,0,active
2025-11-18T19:31:05.074890+00:00,e8f93741-4eaa-4be9-abee-da69dc105815,Call of Duty®: Black Ops 7 Giveaway - Double Level XP,cod-black-ops-7,9394,active
2025-11-18T19:45:58.779831+00:00,958e48f5-811f-450e-a7ec-b42f9715a125,Pipistrello and the Cursed Yoyo Giveaway,pipistrello-and-the-cursed-yoyo-giveaway,0,active
2025-11-18T19:45:58.779831+00:00,e8f93741-4eaa-4be9-abee-da69dc105815,Call of Duty®: Black Ops 7 Giveaway - Double Level XP,cod-black-ops-7,9391,active
2025-11-18T20:01:17.098178+00:00,958e48f5-811f-450e-a7ec-b42f9715a125,Pipistrello and the Cursed Yoyo Giveaway,pipistrello-and-the-cursed-yoyo-giveaway,0,active
2025-11-18T20:01:17.098178+00:00,e8f93741-4eaa-4be9-abee-da69dc105815,Call of Duty®: Black Ops 7 Giveaway - Double Level XP,cod-black-ops-7,9390,active
2025-11-18T20:21:37.897738+00:00,958e48f5-811f-450e-a7ec-b42f9715a125,Pipistrello and the Cursed Yoyo Giveaway,pipistrello-and-the-cursed-yoyo-giveaway,0,active
2025-11-18T20:21:37.897738+00:00,e8f93741-4eaa-4be9-abee-da69dc105815,Call of Duty®: Black Ops 7 Giveaway - Double Level XP,cod-black-ops-7,9390,active
2025-11-19T15:34:03.816765+00:00,958e48f5-811f-450e-a7ec-b42f9715a125,Pipistrello and the Cursed Yoyo Giveaway,pipistrello-and-the-cursed-yoyo-giveaway,0,active
2025-11-19T15:34:03.816765+00:00,e8f93741-4eaa-4be9-abee-da69dc105815,Call of Duty®: Black Ops 7 Giveaway - Double Level XP,cod-black-ops-7,9320,active
2025-11-19T15:46:30.101768+00:00,958e48f5-811f-450e-a7ec-b42f9715a125,Pipistrello and the Cursed Yoyo Giveaway,pipistrello-and-the-cursed-yoyo-giveaway,0,active
2025-11-19T15:46:30.101768+00:00,e8f93741-4eaa-4be9-abee-da69dc105815,Call of Duty®: Black Ops 7 Giveaway - Double Level XP,cod-black-ops-7,9320,active
2025-11-19T16:01:29.733355+00:00,958e48f5-811f-450e-a7ec-b42f9715a125,Pipistrello and the Cursed Yoyo Giveaway,pipistrello-and-the-cursed-yoyo-giveaway,0,active
2025-11-19T16:01:29.733355+00:00,e8f93741-4eaa-4be9-abee-da69dc105815,Call of Duty®: Black Ops 7 Giveaway - Double Level XP,cod-black-ops-7,9320,active
2025-11-19T16:21:59.060887+00:00,958e48f5-811f-450e-a7ec-b42f9715a125,Pipistrello and the Cursed Yoyo Giveaway,pipistrello-and-the-cursed-yoyo-giveaway,0,active
2025-11-19T16:21:59.060887+00:00,e8f93741-4eaa-4be9-abee-da69dc105815,Call of Duty®: Black Ops 7 Giveaway - Double Level XP,cod-black-ops-7,9319,active
2025-11-19T16:39:07.506130+00:00,958e48f5-811f-450e-a7ec-b42f9715a125,Pipistrello and the Cursed Yoyo Giveaway,pipistrello-and-the-cursed-yoyo-giveaway,0,active
2025-11-19T16:39:07.506130+00:00,e8f93741-4eaa-4be9-abee-da69dc105815,Call of Duty®: Black Ops 7 Giveaway - Double Level XP,cod-black-ops-7,9313,active
2025-11-19T16:50:48.206821+00:00,958e48f5-811f-450e-a7ec-b42f9715a125,Pipistrello and the Cursed Yoyo Giveaway,pipistrello-and-the-cursed-yoyo-giveaway,0,active
2025-11-19T16:50:48.206821+00:00,e8f93741-4eaa-4be9-abee-da69dc105815,Call of Duty®: Black Ops 7 Giveaway - Double Level XP,cod-black-ops-7,9310,active
2025-11-19T17:01:24.860800+00:00,958e48f5-811f-450e-a7ec-b42f9715a125,Pipistrello and the Cursed Yoyo Giveaway,pipistrello-and-the-cursed-yoyo-giveaway,0,active
2025-11-19T17:01:24.860800+00:00,e8f93741-4eaa-4be9-abee-da69dc105815,Call of Duty®: Black Ops 7 Giveaway - Double Level XP,cod-black-ops-7,9304,active
2025-11-19T17:20:51.061638+00:00,958e48f5-811f-450e-a7ec-b42f9715a125,Pipistrello and the Cursed Yoyo Giveaway,pipistrello-and-the-cursed-yoyo-giveaway,0,active
2025-11-19T17:20:51.061638+00:00,e8f93741-4eaa-4be9-abee-da69dc105815,Call of Duty®: Black Ops 7 Giveaway - Double Level XP,cod-black-ops-7,9286,active
2025-11-19T17:33:08.126692+00:00,958e48f5-811f-450e-a7ec-b42f9715a125,Pipistrello and the Cursed Yoyo Giveaway,pipistrello-and-the-cursed-yoyo-giveaway,0,active
2025-11-19T17:33:08.126692+00:00,e8f93741-4eaa-4be9-abee-da69dc105815,Call of Duty®: Black Ops 7 Giveaway - Double Level XP,cod-black-ops-7,9276,active
2025-11-19T17:46:03.541690+00:00,958e48f5-811f-450e-a7ec-b42f9715a125,Pipistrello and the Cursed Yoyo Giveaway,pipistrello-and-the-cursed-yoyo-giveaway,0,active
2025-11-19T17:46:03.541690+00:00,e8f93741-4eaa-4be9-abee-da69dc105815,Call of Duty®: Black Ops 7 Giveaway - Double Level XP,cod-black-ops-7,9270,active
2025-11-19T18:01:21.877302+00:00,958e48f5-811f-450e-a7ec-b42f9715a125,Pipistrello and the Cursed Yoyo Giveaway,pipistrello-and-the-cursed-yoyo-giveaway,0,active
2025-11-19T18:01:21.877302+00:00,e8f93741-4eaa-4be9-abee-da69dc105815,Call of Duty®: Black Ops 7 Giveaway - Double Level XP,cod-black-ops-7,9266,active
2025-11-19T18:22:14.522814+00:00,958e48f5-811f-450e-a7ec-b42f9715a125,Pipistrello and the Cursed Yoyo Giveaway,pipistrello-and-the-cursed-yoyo-giveaway,0,active
2025-11-19T18:22:14.522814+00:00,e8f93741-4eaa-4be9-abee-da69dc105815,Call of Duty®: Black Ops 7 Giveaway - Double Level XP,cod-black-ops-7,9247,active
2025-11-19T18:40:31.621197+00:00,958e48f5-811f-450e-a7ec-b42f9715a125,Pipistrello and the Cursed Yoyo Giveaway,pipistrello-and-the-cursed-yoyo-giveaway,0,active
2025-11-19T18:40:31.621197+00:00,e8f93741-4eaa-4be9-abee-da69dc105815,Call of Duty®: Black Ops 7 Giveaway - Double Level XP,cod-black-ops-7,9233,active
2025-11-19T18:50:03.547843+00:00,958e48f5-811f-450e-a7ec-b42f9715a125,Pipistrello and the Cursed Yoyo Giveaway,pipistrello-and-the-cursed-yoyo-giveaway,0,active
2025-11-19T18:50:03.547843+00:00,e8f93741-4eaa-4be9-abee-da69dc105815,Call of Duty®: Black Ops 7 Giveaway - Double Level XP,cod-black-ops-7,9230,active
2025-11-19T19:01:06.948714+00:00,958e48f5-811f-450e-a7ec-b42f9715a125,Pipistrello and the Cursed Yoyo Giveaway,pipistrello-and-the-cursed-yoyo-giveaway,0,active
2025-11-19T19:01:06.948714+00:00,e8f93741-4eaa-4be9-abee-da69dc105815,Call of Duty®: Black Ops 7 Giveaway - Double Level XP,cod-black-ops-7,9229,active
2025-11-19T19:20:13.570535+00:00,958e48f5-811f-450e-a7ec-b42f9715a125,Pipistrello and the Cursed Yoyo Giveaway,pipistrello-and-the-cursed-yoyo-giveaway,0,active
2025-11-19T19:20:13.570535+00:00,e8f93741-4eaa-4be9-abee-da69dc105815,Call of Duty®: Black Ops 7 Giveaway - Double Level XP,cod-black-ops-7,9229,active
2025-11-19T19:31:17.629646+00:00,958e48f5-811f-450e-a7ec-b42f9715a125,Pipistrello and the Cursed Yoyo Giveaway,pipistrello-and-the-cursed-yoyo-giveaway,0,active
2025-11-19T19:31:17.629646+00:00,e8f93741-4eaa-4be9-abee-da69dc105815,Call of Duty®: Black Ops 7 Giveaway - Double Level XP,cod-black-ops-7,9225,active
2025-11-19T19:45:47.905519+00:00,958e48f5-811f-450e-a7ec-b42f9715a125,Pipistrello and the Cursed Yoyo Giveaway,pipistrello-and-the-cursed-yoyo-giveaway,0,active
2025-11-19T19:45:47.905519+00:00,e8f93741-4eaa-4be9-abee-da69dc105815,Call of Duty®: Black Ops 7 Giveaway - Double Level XP,cod-black-ops-7,9221,active
2025-11-19T20:01:17.548544+00:00,958e48f5-811f-450e-a7ec-b42f9715a125,Pipistrello and the Cursed Yoyo Giveaway,pipistrello-and-the-cursed-yoyo-giveaway,0,active
2025-11-19T20:01:17.548544+00:00,e8f93741-4eaa-4be9-abee-da69dc105815,Call of Duty®: Black Ops 7 Giveaway - Double Level XP,cod-black-ops-7,9215,active
2025-11-19T20:21:04.682502+00:00,958e48f5-811f-450e-a7ec-b42f9715a125,Pipistrello and the Cursed Yoyo Giveaway,pipistrello-and-the-cursed-yoyo-giveaway,0,active
2025-11-19T20:21:04.682502+00:00,e8f93741-4eaa-4be9-abee-da69dc105815,Call of Duty®: Black Ops 7 Giveaway - Double Level XP,cod-black-ops-7,9203,active
2025-11-19T20:33:09.404773+00:00,958e48f5-811f-450e-a7ec-b42f9715a125,Pipistrello and the Cursed Yoyo Giveaway,pipistrello-and-the-cursed-yoyo-giveaway,0,active
2025-11-19T20:33:09.404773+00:00,e8f93741-4eaa-4be9-abee-da69dc105815,Call of Duty®: Black Ops 7 Giveaway - Double Level XP,cod-black-ops-7,9195,active
2025-11-19T20:45:51.723650+00:00,958e48f5-811f-450e-a7ec-b42f9715a125,Pipistrello and the Cursed Yoyo Giveaway,pipistrello-and-the-cursed-yoyo-giveaway,0,active
2025-11-19T20:45:51.723650+00:00,e8f93741-4eaa-4be9-abee-da69dc105815,Call of Duty®: Black Ops 7 Giveaway - Double Level XP,cod-black-ops-7,9190,active
2025-11-19T21:01:15.682001+00:00,958e48f5-811f-450e-a7ec-b42f9715a125,Pipistrello and the Cursed Yoyo Giveaway,pipistrello-and-the-cursed-yoyo-giveaway,0,active
2025-11-19T21:01:15.682001+00:00,e8f93741-4eaa-4be9-abee-da69dc105815,Call of Duty®: Black Ops 7 Giveaway - Double Level XP,cod-black-ops-7,9190,active
2025-11-19T21:19:58.957273+00:00,958e48f5-811f-450e-a7ec-b42f9715a125,Pipistrello and the Cursed Yoyo Giveaway,pipistrello-and-the-cursed-yoyo-giveaway,0,active
2025-11-19T21:19:58.957273+00:00,e8f93741-4eaa-4be9-abee-da69dc105815,Call of Duty®: Black Ops 7 Giveaway - Double Level XP,cod-black-ops-7,9190,active
2025-11-19T21:31:10.508179+00:00,958e48f5-811f-450e-a7ec-b42f9715a125,Pipistrello and the Cursed Yoyo Giveaway,pipistrello-and-the-cursed-yoyo-giveaway,0,active
2025-11-19T21:31:10.508179+00:00,e8f93741-4eaa-4be9-abee-da69dc105815,Call of Duty®: Black Ops 7 Giveaway - Double Level XP,cod-black-ops-7,9189,active
2025-11-19T21:45:35.661619+00:00,958e48f5-811f-450e-a7ec-b42f9715a125,Pipistrello and the Cursed Yoyo Giveaway,pipistrello-and-the-cursed-yoyo-giveaway,0,active
2025-11-19T21:45:35.661619+00:00,e8f93741-4eaa-4be9-abee-da69dc105815,Call of Duty®: Black Ops 7 Giveaway - Double Level XP,cod-black-ops-7,9188,active
2025-11-19T22:01:01.982263+00:00,958e48f5-811f-450e-a7ec-b42f9715a125,Pipistrello and the Cursed Yoyo Giveaway,pipistrello-and-the-cursed-yoyo-giveaway,0,active
2025-11-19T22:01:01.982263+00:00,e8f93741-4eaa-4be9-abee-da69dc105815,Call of Duty®: Black Ops 7 Giveaway - Double Level XP,cod-black-ops-7,9188,active
2025-11-19T22:20:38.271263+00:00,958e48f5-811f-450e-a7ec-b42f9715a125,Pipistrello and the Cursed Yoyo Giveaway,pipistrello-and-the-cursed-yoyo-giveaway,0,active
2025-11-19T22:20:38.271263+00:00,e8f93741-4eaa-4be9-abee-da69dc105815,Call of Duty®: Black Ops 7 Giveaway - Double Level XP,cod-black-ops-7,9188,active
2025-11-19T22:34:31.722493+00:00,958e48f5-811f-450e-a7ec-b42f9715a125,Pipistrello and the Cursed Yoyo Giveaway,pipistrello-and-the-cursed-yoyo-giveaway,0,active
2025-11-19T22:34:31.722493+00:00,e8f93741-4eaa-4be9-abee-da69dc105815,Call of Duty®: Black Ops 7 Giveaway - Double Level XP,cod-black-ops-7,9188,active
2025-11-19T22:46:32.837409+00:00,958e48f5-811f-450e-a7ec-b42f9715a125,Pipistrello and the Cursed Yoyo Giveaway,pipistrello-and-the-cursed-yoyo-giveaway,0,active
2025-11-19T22:46:32.837409+00:00,e8f93741-4eaa-4be9-abee-da69dc105815,Call of Duty®: Black Ops 7 Giveaway - Double Level XP,cod-black-ops-7,9188,active
2025-11-19T23:01:09.363671+00:00,958e48f5-811f-450e-a7ec-b42f9715a125,Pipistrello and the Cursed Yoyo Giveaway,pipistrello-and-the-cursed-yoyo-giveaway,0,active
2025-11-19T23:01:09.363671+00:00,e8f93741-4eaa-4be9-abee-da69dc105815,Call of Duty®: Black Ops 7 Giveaway - Double Level XP,cod-black-ops-7,9185,active
2025-11-19T23:20:34.272268+00:00,958e48f5-811f-450e-a7ec-b42f9715a125,Pipistrello and the Cursed Yoyo Giveaway,pipistrello-and-the-cursed-yoyo-giveaway,0,active
2025-11-19T23:20:34.272268+00:00,e8f93741-4eaa-4be9-abee-da69dc105815,Call of Duty®: Black Ops 7 Giveaway - Double Level XP,cod-black-ops-7,9185,active
2025-11-19T23:32:18.669263+00:00,958e48f5-811f-450e-a7ec-b42f9715a125,Pipistrello and the Cursed Yoyo Giveaway,pipistrello-and-the-cursed-yoyo-giveaway,0,active
2025-11-19T23:32:18.669263+00:00,e8f93741-4eaa-4be9-abee-da69dc105815,Call of Duty®: Black Ops 7 Giveaway - Double Level XP,cod-black-ops-7,9185,active
2025-11-19T23:46:05.102901+00:00,958e48f5-811f-450e-a7ec-b42f9715a125,Pipistrello and the Cursed Yoyo Giveaway,pipistrello-and-the-cursed-yoyo-giveaway,0,active
2025-11-19T23:46:05.102901+00:00,e8f93741-4eaa-4be9-abee-da69dc105815,Call of Duty®: Black Ops 7 Giveaway - Double Level XP,cod-black-ops-7,9185,active
2025-11-20T00:01:24.719449+00:00,958e48f5-811f-450e-a7ec-b42f9715a125,Pipistrello and the Cursed Yoyo Giveaway,pipistrello-and-the-cursed-yoyo-giveaway,0,active
2025-11-20T00:01:24.719449+00:00,e8f93741-4eaa-4be9-abee-da69dc105815,Call of Duty®: Black Ops 7 Giveaway - Double Level XP,cod-black-ops-7,9184,active
2025-11-20T00:37:51.249560+00:00,958e48f5-811f-450e-a7ec-b42f9715a125,Pipistrello and the Cursed Yoyo Giveaway,pipistrello-and-the-cursed-yoyo-giveaway,0,active
2025-11-20T00:37:51.249560+00:00,e8f93741-4eaa-4be9-abee-da69dc105815,Call of Duty®: Black Ops 7 Giveaway - Double Level XP,cod-black-ops-7,9183,active
2025-11-20T01:07:17.280436+00:00,958e48f5-811f-450e-a7ec-b42f9715a125,Pipistrello and the Cursed Yoyo Giveaway,pipistrello-and-the-cursed-yoyo-giveaway,0,active
2025-11-20T01:07:17.280436+00:00,e8f93741-4eaa-4be9-abee-da69dc105815,Call of Duty®: Black Ops 7 Giveaway - Double Level XP,cod-black-ops-7,9183,active
2025-11-20T01:50:24.609039+00:00,958e48f5-811f-450e-a7ec-b42f9715a125,Pipistrello and the Cursed Yoyo Giveaway,pipistrello-and-the-cursed-yoyo-giveaway,0,active
2025-11-20T01:50:24.609039+00:00,e8f93741-4eaa-4be9-abee-da69dc105815,Call of Duty®: Black Ops 7 Giveaway - Double Level XP,cod-black-ops-7,9183,active
2025-11-20T02:29:08.103019+00:00,958e48f5-811f-450e-a7ec-b42f9715a125,Pipistrello and the Cursed Yoyo Giveaway,pipistrello-and-the-cursed-yoyo-giveaway,0,active
2025-11-20T02:29:08.103019+00:00,e8f93741-4eaa-4be9-abee-da69dc105815,Call of Duty®: Black Ops 7 Giveaway - Double Level XP,cod-black-ops-7,9183,active
2025-11-20T03:01:08.928271+00:00,958e48f5-811f-450e-a7ec-b42f9715a125,Pipistrello and the Cursed Yoyo Giveaway,pipistrello-and-the-cursed-yoyo-giveaway,0,active
2025-11-20T03:01:08.928271+00:00,e8f93741-4eaa-4be9-abee-da69dc105815,Call of Duty®: Black Ops 7 Giveaway - Double Level XP,cod-black-ops-7,9183,active
2025-11-20T03:33:10.187014+00:00,958e48f5-811f-450e-a7ec-b42f9715a125,Pipistrello and the Cursed Yoyo Giveaway,pipistrello-and-the-cursed-yoyo-giveaway,0,active
2025-11-20T03:33:10.187014+00:00,e8f93741-4eaa-4be9-abee-da69dc105815,Call of Duty®: Black Ops 7 Giveaway - Double Level XP,cod-black-ops-7,9182,active
2025-11-20T03:52:50.548845+00:00,958e48f5-811f-450e-a7ec-b42f9715a125,Pipistrello and the Cursed Yoyo Giveaway,pipistrello-and-the-cursed-yoyo-giveaway,0,active
2025-11-20T03:52:50.548845+00:00,e8f93741-4eaa-4be9-abee-da69dc105815,Call of Duty®: Black Ops 7 Giveaway - Double Level XP,cod-black-ops-7,9181,active
2025-11-20T04:01:22.666853+00:00,958e48f5-811f-450e-a7ec-b42f9715a125,Pipistrello and the Cursed Yoyo Giveaway,pipistrello-and-the-cursed-yoyo-giveaway,0,active
2025-11-20T04:01:22.666853+00:00,e8f93741-4eaa-4be9-abee-da69dc105815,Call of Duty®: Black Ops 7 Giveaway - Double Level XP,cod-black-ops-7,9181,active
2025-11-20T04:21:39.118251+00:00,958e48f5-811f-450e-a7ec-b42f9715a125,Pipistrello and the Cursed Yoyo Giveaway,pipistrello-and-the-cursed-yoyo-giveaway,0,active
2025-11-20T04:21:39.118251+00:00,e8f93741-4eaa-4be9-abee-da69dc105815,Call of Duty®: Black Ops 7 Giveaway - Double Level XP,cod-black-ops-7,9179,active
2025-11-20T04:35:41.014429+00:00,958e48f5-811f-450e-a7ec-b42f9715a125,Pipistrello and the Cursed Yoyo Giveaway,pipistrello-and-the-cursed-yoyo-giveaway,0,active
2025-11-20T04:35:41.014429+00:00,e8f93741-4eaa-4be9-abee-da69dc105815,Call of Duty®: Black Ops 7 Giveaway - Double Level XP,cod-black-ops-7,9179,active
2025-11-20T04:47:27.685512+00:00,958e48f5-811f-450e-a7ec-b42f9715a125,Pipistrello and the Cursed Yoyo Giveaway,pipistrello-and-the-cursed-yoyo-giveaway,0,active
2025-11-20T04:47:27.685512+00:00,e8f93741-4eaa-4be9-abee-da69dc105815,Call of Duty®: Black Ops 7 Giveaway - Double Level XP,cod-black-ops-7,9176,active
2025-11-20T05:01:16.110318+00:00,958e48f5-811f-450e-a7ec-b42f9715a125,Pipistrello and the Cursed Yoyo Giveaway,pipistrello-and-the-cursed-yoyo-giveaway,0,active
2025-11-20T05:01:16.110318+00:00,e8f93741-4eaa-4be9-abee-da69dc105815,Call of Duty®: Black Ops 7 Giveaway - Double Level XP,cod-black-ops-7,9173,active
2025-11-20T05:21:14.964984+00:00,958e48f5-811f-450e-a7ec-b42f9715a125,Pipistrello and the Cursed Yoyo Giveaway,pipistrello-and-the-cursed-yoyo-giveaway,0,active
2025-11-20T05:21:14.964984+00:00,e8f93741-4eaa-4be9-abee-da69dc105815,Call of Duty®: Black Ops 7 Giveaway - Double Level XP,cod-black-ops-7,9169,active
2025-11-20T05:35:01.350866+00:00,958e48f5-811f-450e-a7ec-b42f9715a125,Pipistrello and the Cursed Yoyo Giveaway,pipistrello-and-the-cursed-yoyo-giveaway,0,active
2025-11-20T05:35:01.350866+00:00,e8f93741-4eaa-4be9-abee-da69dc105815,Call of Duty®: Black Ops 7 Giveaway - Double Level XP,cod-black-ops-7,9169,active
2025-11-20T05:46:48.840987+00:00,958e48f5-811f-450e-a7ec-b42f9715a125,Pipistrello and the Cursed Yoyo Giveaway,pipistrello-and-the-cursed-yoyo-giveaway,0,active
2025-11-20T05:46:48.840987+00:00,e8f93741-4eaa-4be9-abee-da69dc105815,Call of Duty®: Black Ops 7 Giveaway - Double Level XP,cod-black-ops-7,9169,active
2025-11-20T06:01:09.935712+00:00,958e48f5-811f-450e-a7ec-b42f9715a125,Pipistrello and the Cursed Yoyo Giveaway,pipistrello-and-the-cursed-yoyo-giveaway,0,active
2025-11-20T06:01:09.935712+00:00,e8f93741-4eaa-4be9-abee-da69dc105815,Call of Duty®: Black Ops 7 Giveaway - Double Level XP,cod-black-ops-7,9169,active
2025-11-20T06:22:11.440065+00:00,958e48f5-811f-450e-a7ec-b42f9715a125,Pipistrello and the Cursed Yoyo Giveaway,pipistrello-and-the-cursed-yoyo-giveaway,0,active
2025-11-20T06:22:11.440065+00:00,e8f93741-4eaa-4be9-abee-da69dc105815,Call of Duty®: Black Ops 7 Giveaway - Double Level XP,cod-black-ops-7,9169,active
2025-11-20T06:40:38.207198+00:00,958e48f5-811f-450e-a7ec-b42f9715a125,Pipistrello and the Cursed Yoyo Giveaway,pipistrello-and-the-cursed-yoyo-giveaway,0,active
2025-11-20T06:40:38.207198+00:00,e8f93741-4eaa-4be9-abee-da69dc105815,Call of Duty®: Black Ops 7 Giveaway - Double Level XP,cod-black-ops-7,9169,active
2025-11-20T06:51:10.933322+00:00,958e48f5-811f-450e-a7ec-b42f9715a125,Pipistrello and the Cursed Yoyo Giveaway,pipistrello-and-the-cursed-yoyo-giveaway,0,active
2025-11-20T06:51:10.933322+00:00,e8f93741-4eaa-4be9-abee-da69dc105815,Call of Duty®: Black Ops 7 Giveaway - Double Level XP,cod-black-ops-7,9169,active
2025-11-20T07:01:13.756996+00:00,958e48f5-811f-450e-a7ec-b42f9715a125,Pipistrello and the Cursed Yoyo Giveaway,pipistrello-and-the-cursed-yoyo-giveaway,0,active
2025-11-20T07:01:13.756996+00:00,e8f93741-4eaa-4be9-abee-da69dc105815,Call of Duty®: Black Ops 7 Giveaway - Double Level XP,cod-black-ops-7,9169,active
2025-11-20T07:20:51.529813+00:00,958e48f5-811f-450e-a7ec-b42f9715a125,Pipistrello and the Cursed Yoyo Giveaway,pipistrello-and-the-cursed-yoyo-giveaway,0,active
2025-11-20T07:20:51.529813+00:00,e8f93741-4eaa-4be9-abee-da69dc105815,Call of Duty®: Black Ops 7 Giveaway - Double Level XP,cod-black-ops-7,9169,active
2025-11-20T07:33:05.964574+00:00,958e48f5-811f-450e-a7ec-b42f9715a125,Pipistrello and the Cursed Yoyo Giveaway,pipistrello-and-the-cursed-yoyo-giveaway,0,active
2025-11-20T07:33:05.964574+00:00,e8f93741-4eaa-4be9-abee-da69dc105815,Call of Duty®: Black Ops 7 Giveaway - Double Level XP,cod-black-ops-7,9168,active
2025-11-20T07:45:32.892322+00:00,958e48f5-811f-450e-a7ec-b42f9715a125,Pipistrello and the Cursed Yoyo Giveaway,pipistrello-and-the-cursed-yoyo-giveaway,0,active
2025-11-20T07:45:32.892322+00:00,e8f93741-4eaa-4be9-abee-da69dc105815,Call of Duty®: Black Ops 7 Giveaway - Double Level XP,cod-black-ops-7,9168,active
2025-11-20T08:01:18.912262+00:00,958e48f5-811f-450e-a7ec-b42f9715a125,Pipistrello and the Cursed Yoyo Giveaway,pipistrello-and-the-cursed-yoyo-giveaway,0,active
2025-11-20T08:01:18.912262+00:00,e8f93741-4eaa-4be9-abee-da69dc105815,Call of Duty®: Black Ops 7 Giveaway - Double Level XP,cod-black-ops-7,9168,active
2025-11-20T08:22:12.463136+00:00,958e48f5-811f-450e-a7ec-b42f9715a125,Pipistrello and the Cursed Yoyo Giveaway,pipistrello-and-the-cursed-yoyo-giveaway,0,active
2025-11-20T08:22:12.463136+00:00,e8f93741-4eaa-4be9-abee-da69dc105815,Call of Duty®: Black Ops 7 Giveaway - Double Level XP,cod-black-ops-7,9168,active
2025-11-20T08:39:05.951979+00:00,958e48f5-811f-450e-a7ec-b42f9715a125,Pipistrello and the Cursed Yoyo Giveaway,pipistrello-and-the-cursed-yoyo-giveaway,0,active
2025-11-20T08:39:05.951979+00:00,e8f93741-4eaa-4be9-abee-da69dc105815,Call of Duty®: Black Ops 7 Giveaway - Double Level XP,cod-black-ops-7,9168,active
2025-11-20T08:50:17.357396+00:00,958e48f5-811f-450e-a7ec-b42f9715a125,Pipistrello and the Cursed Yoyo Giveaway,pipistrello-and-the-cursed-yoyo-giveaway,0,active
2025-11-20T08:50:17.357396+00:00,e8f93741-4eaa-4be9-abee-da69dc105815,Call of Duty®: Black Ops 7 Giveaway - Double Level XP,cod-black-ops-7,9168,active
2025-11-20T09:01:20.767722+00:00,958e48f5-811f-450e-a7ec-b42f9715a125,Pipistrello and the Cursed Yoyo Giveaway,pipistrello-and-the-cursed-yoyo-giveaway,0,active
2025-11-20T09:01:20.767722+00:00,e8f93741-4eaa-4be9-abee-da69dc105815,Call of Duty®: Black Ops 7 Giveaway - Double Level XP,cod-black-ops-7,9168,active
2025-11-20T09:21:20.402460+00:00,958e48f5-811f-450e-a7ec-b42f9715a125,Pipistrello and the Cursed Yoyo Giveaway,pipistrello-and-the-cursed-yoyo-giveaway,0,active
2025-11-20T09:21:20.402460+00:00,e8f93741-4eaa-4be9-abee-da69dc105815,Call of Duty®: Black Ops 7 Giveaway - Double Level XP,cod-black-ops-7,9168,active
2025-11-20T09:35:03.499025+00:00,958e48f5-811f-450e-a7ec-b42f9715a125,Pipistrello and the Cursed Yoyo Giveaway,pipistrello-and-the-cursed-yoyo-giveaway,0,active
2025-11-20T09:35:03.499025+00:00,e8f93741-4eaa-4be9-abee-da69dc105815,Call of Duty®: Black Ops 7 Giveaway - Double Level XP,cod-black-ops-7,9168,active
2025-11-20T09:47:09.574765+00:00,958e48f5-811f-450e-a7ec-b42f9715a125,Pipistrello and the Cursed Yoyo Giveaway,pipistrello-and-the-cursed-yoyo-giveaway,0,active
2025-11-20T09:47:09.574765+00:00,e8f93741-4eaa-4be9-abee-da69dc105815,Call of Duty®: Black Ops 7 Giveaway - Double Level XP,cod-black-ops-7,9168,active
2025-11-20T10:01:21.660310+00:00,958e48f5-811f-450e-a7ec-b42f9715a125,Pipistrello and the Cursed Yoyo Giveaway,pipistrello-and-the-cursed-yoyo-giveaway,0,active
2025-11-20T10:01:21.660310+00:00,e8f93741-4eaa-4be9-abee-da69dc105815,Call of Duty®: Black Ops 7 Giveaway - Double Level XP,cod-black-ops-7,9167,active
